INSERT INTO pais VALUES("Gran Bretaña"),("Estados Unidos"),("Francia"),("Australia");

INSERT INTO torneo VALUES(1, "Estados Unidos", "Detroit", "2000000usd", "2023"),
(2, "Australia", "Sidney", "4000000usd", "2025"),
(3, "Francia", "Paris", "10000000E", "2024"),
(4, "Gran Bretaña", "liverpool", "200000E", "2026");

INSERT INTO jugador VALUES(1, "Juan Morales", 582910347, "Estados Unidos", "Mexicano"),
(2,"Sophie Dubois", 693248517, "Estados Unidos", "Francesa"),
(3,"Raj Patel",815739264, "Estados Unidos", "Indio" ),
(4,"Isabella Rossi",427506198, "Estados Unidos",  "Italiana"),
(5,"Ahmed Khan",359824701, "Estados Unidos",  "Paquistaní"),
(6,"Maria Hernandez", 206349157, "Estados Unidos", "Española"),
(7,"Hiroshi Tanaka", 841250936 ,"Estados Unidos", "Japones"),
(8,"Emily Turner", 940726183, "Estados Unidos", "Canadiense");

INSERT INTO arbitros VALUES("Wilkinson"), ("Diego");
DESCRIBE partido_1_1

INSERT INTO fase VALUES("Octavos de final", "3000usd"), ("Cuartos de final", "1000000usd"), ("Final", "1500000");
INSERT INTO partido_1_1 VALUES(1, 'Masculino', "Juan Morales", "Raj Patel", "Cuartos de final", "37 - 29", "Juan Morales", "Raj Patel", "Wilkinson");
INSERT INTO partido_1_1 VALUES(2, 'Masculino', "Ahmed Khan", "Hiroshi Tanaka", "Cuartos de final", "40 - 21", "Hiroshi Tanaka", "ahmed Khan", "Diego");
INSERT INTO partido_1_1 VALUES(3, 'Masculino', "Hiroshi Tanaka", "Juan Morales", "Final", "50 - 26", "Hiroshi Tanaka", "Juan Morales", "Wilkinson");

INSERT INTO equipo VALUES(1, "Juan Morales","Sophie Dubois"), (2, "Raj Patel", "Isabella Rossi"), (3, "Ahmed Khan", "Maria Hernandez"), (4, "Hiroshi Tanaka", "Emily Turner");

INSERT INTO partido_2_2 VALUES(1, 'Mixto_dobles', 1, 2, "Cuartos de final", "87 - 4", "Equipo1", "Equipo2", "Diego" ),
(2, 'Mixto_dobles', 3,4, "Cuartos de final", "89 - 100", "Equipo 4", "Equipo 3","Diego"),
(3, 'Mixto_dobles', 1,4, "Final", "25 -24", "Equipo 1", "Equipo 4", "Wilkinson")





/* mas datos */
#Diego Silva - Argentino
#Aisha Al-Farsi - Saudita
#Tomas Novak - Checo
#Ana Costa - Portuguesa
#Carlos Rodriguez - Colombiano
#Chloe Smith - Australiana
#Igor Petrov - Ruso
#Fatima Khan - Paquistaní
#Lucas Santos - Brasileño
#Mei Chen - China
#Andrei Popov - Rumano
#Olivia White - Británica
#Ahmed Mahmoud - Egipcio
#Lea Dubois - Belga
#Miguel Fernandez - Dominicano
#Mia Kim - Surcoreana
#Antonio Gonzalez - Cubano
#Elena Ivanova - Rusa
#Ricardo Silva - Chileno
#Nia Patel - Indo-Canadiense
#Jens Andersen - Danés
#Sofia Lopez - Guatemalteca
#Pavel Kuznetsov - Ucraniano
#Isabelle Leroux - Canadiense
#Ahmed Al-Mansoori - Emiratí
#Sofia Torres - Panameña
#Jan Nowak - Polaco
#Yuki Tanaka - Japonesa
#759102834
#613895470
#482056397
#395714820
#670832459
#128975063
#594067813
#369875042
#850149263
#490863157
#039612784
#184356092
#627904581
#816345072
#462097138
#376180925
#598432067
#245061983
#361952470
#073896142
#812476053
#357401982
#948635701
#107364592
#765942083
#032987615
#256178430
#384720196